1,00000400,Mike Jones,"Mike Jones, Jr.","Mike ""Lee"" Jones, Jr.","Mike ""Lee"", Jr.]Miley ""Missy"" Houston, Jr.",,"Mike ""Lee"" Jones"
2,00000400,Kate "Lee" Stewart]Miley Houston
2,00000400,Miley Houston
1,00000400,Miley Houston
2,00000400,Miley Houston
2,00000400,Miley Houston
1,00000400,Miley Houston
2,00000400,Miley Houston
2,00000400,Miley Houston
1,00000400,Miley Houston
2,00000400,Miley Houston,
2,00000400,Miley Houston
1,00000400,Miley Houston
2,00000400,Miley Houston,,
2,00000400,Miley Houston
1,00000400,Miley Houston
2,00000400,Miley Houston,,Tommy "Khang" Tran,
2,00000400,Miley Houston,,"Tommy ""Khang"" Tran, Jr.]Kevin ""Khanh"" Le, Sr.",,Tanya Thao,Dep Le,